model_name,piqa_acc_norm,arc_easy_acc,hellaswag_acc_norm,valid_avg,config_name,train_the_cluster1,train_the_cluster2,train_the_cluster3,train_the_cluster4,train_the_cluster5,train_the_cluster6,train_the_cluster7,train_the_cluster8,train_the_cluster9,train_the_cluster10,train_the_cluster11
proxy_350m_32l_cosine_nemotron_cc_244x_n50,66.64853101196950,52.10437710437710,39.65345548695480,52.80212120110050,n50,0,0.1552,0.0002,0.202,0,0.0006,0,0.0948,0.4222,0.0004,0.1244
proxy_350m_32l_cosine_nemotron_cc_244x_n285,67.79107725788900,49.45286195286200,39.23521210914160,52.15971710663090,n285,0.1186,0.0124,0.0022,0.1254,0.0542,0.001,0.0484,0.014,0.0826,0.5022,0.0392
proxy_350m_32l_cosine_nemotron_cc_244x_n185,66.37649619151250,49.91582491582490,39.145588528181600,51.812636545173,n185,0.2352,0.0144,0.026,0.0028,0,0.0022,0.0918,0.1286,0.1202,0.3606,0.018
proxy_350m_32l_cosine_nemotron_cc_244x_n212,65.28835690968440,36.91077441077440,34.97311292571200,45.72408141539030,n212,0.4766,0,0,0.0046,0,0.0474,0,0.001,0.4662,0.0042,0
proxy_350m_32l_cosine_nemotron_cc_244x_n423,68.06311207834600,49.32659932659930,39.20533758215500,52.19834966236680,n423,0.1062,0.0252,0.045,0.0456,0.0046,0.0664,0.0946,0.0466,0.056,0.5014,0.0082
proxy_350m_32l_cosine_nemotron_cc_244x_n196,67.84548422198040,52.735690235690200,41.127265484963200,53.9028133142113,n196,0,0,0.6138,0.007,0,0,0,0.045,0,0.3008,0.0332
proxy_350m_32l_cosine_nemotron_cc_244x_n6,67.30141458106640,54.25084175084180,40.37044413463450,53.97423348884760,n6,0.0566,0.4096,0.4368,0.001,0.0006,0.0004,0,0.0372,0.041,0.0004,0.0166
proxy_350m_32l_cosine_nemotron_cc_244x_n84,68.33514689880310,56.1026936026936,41.29655447122090,55.2447983242392,n84,0.0342,0.0956,0.6684,0,0,0,0.0056,0.0592,0,0.1268,0.0102
proxy_350m_32l_cosine_nemotron_cc_244x_n161,67.95429815016320,53.87205387205390,40.95797649870540,54.26144284030750,n161,0,0.0534,0.4196,0.0496,0.086,0,0.232,0.0034,0.069,0.0426,0.0442
proxy_350m_32l_cosine_nemotron_cc_244x_n130,66.53971708378670,50.7996632996633,38.647679745070700,51.9956867095069,n130,0,0.0008,0.0006,0.0322,0.0094,0.461,0.1002,0.306,0.0822,0.0074,0
proxy_350m_32l_cosine_nemotron_cc_244x_n2,66.59412404787810,54.082491582491600,40.22107149970130,53.6325623766903,n2,0.1344,0.1346,0.0004,0,0,0.0038,0.0008,0.467,0.214,0.0248,0.0202
proxy_350m_32l_cosine_nemotron_cc_244x_n270,67.84548422198040,54.629629629629600,41.16709818761200,54.547404013074,n270,0,0,0.209,0.4224,0,0.0274,0,0.3242,0,0.007,0.01
proxy_350m_32l_cosine_nemotron_cc_244x_n246,67.41022850924920,52.062289562289600,40.091615216092400,53.1880444292104,n246,0,0.114,0.0402,0.1734,0.0078,0,0.1674,0.0026,0.0044,0.468,0.0224
proxy_350m_32l_cosine_nemotron_cc_244x_n48,66.2132752992383,46.043771043771000,37.61202947620000,49.9563586064031,n48,0.08,0.133,0,0.0494,0.0006,0.096,0,0,0.5448,0.0772,0.019
proxy_350m_32l_cosine_nemotron_cc_244x_n236,66.1588683351469,48.86363636363640,38.72734515036850,51.2499499497173,n236,0.0018,0.0134,0.292,0.0172,0.0068,0.445,0,0,0.0056,0.1822,0.036
proxy_350m_32l_cosine_nemotron_cc_244x_n293,67.24700761697500,53.57744107744110,39.79286994622590,53.53910621354730,n293,0.1674,0,0.237,0,0,0.0114,0.283,0.0008,0.1864,0.1134,0.0006
proxy_350m_32l_cosine_nemotron_cc_244x_n470,66.75734494015230,44.36026936026940,37.75144393547100,49.62301941196420,n470,0,0.001,0,0.0006,0,0.011,0.0006,0.001,0,0.9852,0.0006
proxy_350m_32l_cosine_nemotron_cc_244x_n420,67.46463547334060,54.419191919191900,40.470025891256700,54.1179510945964,n420,0.0004,0.0004,0,0,0.0002,0,0,0.6604,0.0002,0.3386,0
proxy_350m_32l_cosine_nemotron_cc_244x_n407,67.51904243743200,48.484848484848500,39.34475204142600,51.7828809879022,n407,0,0.0012,0,0.1398,0.0006,0,0.0004,0.0008,0.0278,0.009,0.8206
proxy_350m_32l_cosine_nemotron_cc_244x_n262,66.64853101196950,43.72895622895620,36.94483170683130,49.10743964925230,n262,0.01,0.0008,0,0,0,0.0052,0,0.044,0.5486,0.3912,0
proxy_350m_32l_cosine_nemotron_cc_244x_n145,66.70293797606090,51.13636363636360,39.99203345947020,52.61044502396490,n145,0.0046,0.0462,0.001,0.018,0,0.0208,0.2258,0.0332,0.0184,0.426,0.2058
proxy_350m_32l_cosine_nemotron_cc_244x_n117,65.45157780195870,50.968013468013500,39.70324636526590,52.0409458784127,n117,0.162,0.0094,0.097,0.3204,0,0.0378,0,0.003,0.0072,0.0416,0.3218
proxy_350m_32l_cosine_nemotron_cc_244x_n486,68.60718171926010,55.513468013468000,40.41027683728340,54.8436421900038,n486,0,0,0.1916,0.1468,0.0482,0.0038,0.0856,0.2558,0.0184,0.2324,0.0174
proxy_350m_32l_cosine_nemotron_cc_244x_n462,67.13819368879220,50.88383838383840,38.876717785301700,52.2995832859774,n462,0,0,0,0.577,0,0,0,0,0.0038,0.4182,0.001
proxy_350m_32l_cosine_nemotron_cc_244x_n203,66.2676822633297,46.42255892255890,37.562238597888900,50.0841599279258,n203,0.2778,0.0044,0.0046,0.0028,0.0478,0.0184,0.0236,0.0764,0.4322,0.1118,0.0002
proxy_350m_32l_cosine_nemotron_cc_244x_n11,66.53971708378670,45.159932659932700,37.00458076080460,49.5680768348413,n11,0.4806,0,0.0558,0.0216,0,0,0.0028,0.0028,0.0012,0.4354,0
proxy_350m_32l_cosine_nemotron_cc_244x_n156,66.92056583242660,50.88383838383840,39.25512846046610,52.35317755891040,n156,0,0,0.077,0,0.0018,0.2952,0.1936,0.0564,0.004,0.1576,0.2142
proxy_350m_32l_cosine_nemotron_cc_244x_n242,66.70293797606090,51.89393939393940,39.49412467635930,52.69700068211990,n242,0.051,0.018,0.002,0.2334,0,0.0324,0.0778,0.1958,0.3276,0.042,0.02
proxy_350m_32l_cosine_nemotron_cc_244x_n71,67.30141458106640,49.24242424242420,38.657637920732900,51.7338255814078,n71,0.1112,0.0142,0.0068,0.3076,0.0074,0.1958,0.0028,0.0206,0.0328,0.3006,0.0004
proxy_350m_32l_cosine_nemotron_cc_244x_n128,68.55277475516870,48.65319865319870,39.4443337980482,52.2167690688052,n128,0,0,0.0068,0.1788,0,0.0008,0,0.0362,0.0314,0.6068,0.1392
proxy_350m_32l_cosine_nemotron_cc_244x_n20,66.97497279651800,49.11616161616160,38.58793069109740,51.55968836792570,n20,0,0.0496,0.0088,0,0.1422,0.007,0.22,0.0166,0.522,0.022,0.012
proxy_350m_32l_cosine_nemotron_cc_244x_n40,66.43090315560390,48.61111111111110,37.940649273053200,50.9942211799227,n40,0,0,0.0226,0.2022,0.0004,0.0036,0,0.0106,0.76,0.0002,0
proxy_350m_32l_cosine_nemotron_cc_244x_n298,67.35582154515780,49.074074074074100,38.59788886675960,51.6759281619972,n298,0.3156,0.0752,0,0.0216,0,0.0654,0.0042,0.2046,0.2254,0.0876,0.0004
proxy_350m_32l_cosine_nemotron_cc_244x_n169,66.32208922742110,49.74747474747480,38.46843258315080,51.51266551934890,n169,0.457,0,0.0248,0.2442,0,0.0004,0.0814,0.1052,0.0026,0.0672,0.0172
proxy_350m_32l_cosine_nemotron_cc_244x_n237,67.84548422198040,49.87373737373740,39.64349731129260,52.45423963567010,n237,0.0188,0,0.1286,0.0564,0,0,0,0,0.0052,0.6426,0.1484
proxy_350m_32l_cosine_nemotron_cc_244x_n446,67.79107725788900,54.33501683501680,40.808603863772200,54.3115659855593,n446,0.144,0.0014,0.019,0.0064,0,0,0,0.7064,0.035,0.0844,0.0032
proxy_350m_32l_cosine_nemotron_cc_244x_n220,66.97497279651800,49.11616161616160,38.93646683927510,51.67586708398490,n220,0.0246,0.0364,0.0078,0.0088,0.017,0.3644,0.0174,0.224,0.1126,0.1676,0.0192
proxy_350m_32l_cosine_nemotron_cc_244x_n415,67.13819368879220,50.968013468013500,38.93646683927510,52.3475579986936,n415,0.001,0.2282,0.0016,0.0018,0,0.0262,0,0,0.027,0.7142,0
proxy_350m_32l_cosine_nemotron_cc_244x_n160,66.92056583242660,55.68181818181820,40.948018323043200,54.516800779096,n160,0,0,0.4788,0.333,0,0.07,0,0,0,0.0616,0.0566
proxy_350m_32l_cosine_nemotron_cc_244x_n74,66.32208922742110,51.515151515151500,38.52818163712410,52.1218074598989,n74,0.0052,0.0004,0,0.0002,0.1866,0.4336,0,0.197,0.0044,0.055,0.1176
proxy_350m_32l_cosine_nemotron_cc_244x_n222,66.43090315560390,45.244107744107700,36.9946225851424,49.5565444949513,n222,0,0.0428,0.0194,0.0494,0,0.492,0.0306,0,0,0.3654,0.0002
proxy_350m_32l_cosine_nemotron_cc_244x_n272,67.6278563656148,54.25084175084180,40.13144791874130,54.0033820117326,n272,0.0038,0.0414,0,0.343,0.0406,0,0,0.3392,0.196,0.0358,0
proxy_350m_32l_cosine_nemotron_cc_244x_n238,67.46463547334060,53.9983164983165,41.177056363274300,54.2133361116438,n238,0,0,0.884,0,0.0208,0,0,0,0,0,0.0952
proxy_350m_32l_cosine_nemotron_cc_244x_n295,65.72361262241570,43.602693602693600,36.18801035650270,48.5047721938707,n295,0.568,0,0.0986,0,0,0,0,0,0.1758,0.1576,0
proxy_350m_32l_cosine_nemotron_cc_244x_n103,67.46463547334060,55.892255892255900,41.256721768572,54.8712043780562,n103,0.0006,0.1436,0.4546,0.0156,0.027,0,0.009,0.0768,0.0792,0.0872,0.1066
proxy_350m_32l_cosine_nemotron_cc_244x_n104,67.46463547334060,53.198653198653200,40.51981676956780,53.7277018138539,n104,0,0.0016,0.4358,0.0002,0.0808,0,0,0.0728,0.0142,0.362,0.0324
proxy_350m_32l_cosine_nemotron_cc_244x_n468,66.64853101196950,54.46127946127950,39.394542919737100,53.5014511309954,n468,0,0.1558,0.0158,0,0.007,0,0.5526,0.1662,0.1026,0,0
proxy_350m_32l_cosine_nemotron_cc_244x_n218,67.08378672470080,49.91582491582490,38.807010555666200,51.935540732064,n218,0.2078,0.2556,0.008,0.0344,0.0104,0.0054,0.0102,0,0.2246,0.2354,0.0084
proxy_350m_32l_cosine_nemotron_cc_244x_n176,66.92056583242660,53.45117845117850,40.1414060944035,53.5043834593362,n176,0.0032,0.1882,0.2258,0.3066,0.1624,0.0032,0.0002,0,0.0388,0.0714,0
proxy_350m_32l_cosine_nemotron_cc_244x_n34,66.59412404787810,50.33670033670030,38.099980083648700,51.6769348227424,n34,0.0106,0,0.0046,0.2362,0.2782,0.3276,0.0108,0,0.0188,0.1132,0
proxy_350m_32l_cosine_nemotron_cc_244x_n137,67.24700761697500,53.57744107744110,40.420235012945600,53.7482279024539,n137,0.0942,0,0.4516,0.2646,0,0,0.0134,0.001,0.1676,0.0056,0.0022
proxy_350m_32l_cosine_nemotron_cc_244x_n240,67.24700761697500,52.18855218855220,40.22107149970130,53.21887710174280,n240,0.0084,0.0902,0.0678,0.137,0.0168,0.011,0.1294,0.0356,0.0304,0.4288,0.0446
proxy_350m_32l_cosine_nemotron_cc_244x_n27,67.5734494015234,47.39057239057240,38.807010555666200,51.2570107825873,n27,0,0,0.0452,0,0.003,0,0.01,0,0.0464,0.5848,0.3104
proxy_350m_32l_cosine_nemotron_cc_244x_n447,63.928182807399300,35.648148148148100,34.425413264290000,44.667248073279100,n447,0.8276,0,0,0.0012,0,0.016,0.0004,0.0076,0.1474,0,0
proxy_350m_32l_cosine_nemotron_cc_244x_n472,67.13819368879220,52.14646464646470,40.460067715594500,53.2482420169505,n472,0.2712,0,0.0026,0.0844,0,0.0212,0,0.4386,0.0014,0.1806,0
proxy_350m_32l_cosine_nemotron_cc_244x_n263,66.48531011969530,48.65319865319870,37.98048197570210,51.03966358286540,n263,0.2802,0.0526,0.0586,0.013,0.0256,0.2924,0,0.1204,0.1288,0.0144,0.0138
proxy_350m_32l_cosine_nemotron_cc_244x_n144,64.58106637649620,41.16161616161620,34.534953196574400,46.7592119115623,n144,0.8884,0,0.0204,0.014,0.035,0.0302,0,0,0.0028,0.0002,0.009
proxy_350m_32l_cosine_nemotron_cc_244x_n290,67.13819368879220,52.861952861952900,40.081657040430200,53.3606011970584,n290,0.0016,0.024,0.0514,0,0.1022,0.0374,0.365,0.0502,0.2454,0.0462,0.0766
proxy_350m_32l_cosine_nemotron_cc_244x_n138,66.53971708378670,49.74747474747480,38.77713602867960,51.68810928664700,n138,0.3008,0,0.0516,0.0484,0,0.003,0.0764,0.0622,0.1594,0.296,0.002
proxy_350m_32l_cosine_nemotron_cc_244x_n153,66.37649619151250,53.36700336700340,38.17964548894640,52.64104834915410,n153,0.049,0.3094,0.007,0,0,0,0.6128,0.0094,0,0.0006,0.012
proxy_350m_32l_cosine_nemotron_cc_244x_n412,65.28835690968440,52.14646464646470,38.667596096395100,52.0341392175147,n412,0.0112,0,0.187,0.7168,0,0,0.0404,0,0.0002,0.0444,0
proxy_350m_32l_cosine_nemotron_cc_244x_n210,67.02937976060940,53.40909090909090,40.51981676956780,53.65276247975600,n210,0.023,0.0426,0.0146,0.123,0,0.0032,0.0622,0.1562,0.0264,0.0004,0.5484
proxy_350m_32l_cosine_nemotron_cc_244x_n49,68.06311207834600,53.57744107744110,40.420235012945600,54.0202627229109,n49,0,0,0.3962,0.0056,0.0024,0.0008,0,0,0.0256,0.4346,0.135
proxy_350m_32l_cosine_nemotron_cc_244x_n405,66.81175190424380,48.02188552188550,38.319059948217500,51.0508991247823,n405,0.0164,0,0.043,0.018,0,0,0,0,0.027,0.8954,0
proxy_350m_32l_cosine_nemotron_cc_244x_n77,68.33514689880310,48.98989898989900,39.25512846046610,52.19339144972270,n77,0.0282,0.0004,0.0612,0,0.2216,0.0138,0.0036,0.004,0.1976,0.454,0.0154
proxy_350m_32l_cosine_nemotron_cc_244x_n109,67.79107725788900,45.28619528619530,38.43855805616410,50.50527686674950,n109,0.3282,0,0,0,0,0,0.0032,0.0104,0.0144,0.0364,0.6078
proxy_350m_32l_cosine_nemotron_cc_244x_n296,66.64853101196950,51.936026936026900,39.32483569010160,52.6364645460327,n296,0,0.054,0.316,0.0086,0,0.0002,0.0564,0.0154,0.5454,0.0038,0
proxy_350m_32l_cosine_nemotron_cc_244x_n166,67.79107725788900,50.0,39.006174068910600,52.2657504422665,n166,0.0014,0.071,0,0.1506,0.0252,0,0.0074,0,0,0.7442,0.0002
proxy_350m_32l_cosine_nemotron_cc_244x_n171,66.86615886833520,47.55892255892260,38.109938259310900,50.8450065621896,n171,0.3272,0.0018,0.0044,0.2434,0.005,0.1238,0.0014,0.0302,0.0008,0.2484,0.0132
proxy_350m_32l_cosine_nemotron_cc_244x_n234,66.81175190424380,50.67340067340070,39.24517028480380,52.24344095414940,n234,0,0.0214,0.3008,0,0.0504,0.115,0.0028,0.0054,0.3626,0.139,0.0028
proxy_350m_32l_cosine_nemotron_cc_244x_n438,66.59412404787810,50.252525252525200,38.25931089424420,51.7019867315492,n438,0,0,0.0022,0.4698,0.0004,0.111,0.299,0,0.1118,0.006,0
proxy_350m_32l_cosine_nemotron_cc_244x_n43,68.17192600652880,53.24074074074080,39.364668392750400,53.5924450466733,n43,0.0008,0.0058,0.1292,0.5464,0.0002,0.0158,0.0016,0.0448,0.0304,0.124,0.1008
proxy_350m_32l_cosine_nemotron_cc_244x_n18,67.24700761697500,54.37710437710440,40.49990041824340,54.04133747077430,n18,0.0014,0.0072,0,0,0.0314,0.124,0.041,0.5406,0.003,0.1992,0.0522
proxy_350m_32l_cosine_nemotron_cc_244x_n168,65.83242655059850,46.0016835016835,37.9008165704043,49.9116422075621,n168,0.0788,0.0002,0.0012,0,0.023,0.1534,0,0.0378,0.1622,0.5434,0
proxy_350m_32l_cosine_nemotron_cc_244x_n170,66.37649619151250,53.70370370370370,39.6036646086437,53.22795483462,n170,0.0652,0.0012,0.0422,0.1112,0.2032,0.0296,0.3114,0.0034,0.004,0.1888,0.04
proxy_350m_32l_cosine_nemotron_cc_244x_n261,66.92056583242660,53.661616161616200,40.310695080661200,53.6309590249013,n261,0.0414,0.0002,0.0062,0.0058,0.1152,0.0032,0.2568,0.3052,0.1024,0.1478,0.0158
proxy_350m_32l_cosine_nemotron_cc_244x_n254,66.59412404787810,51.936026936026900,38.88667596096400,52.4722756482897,n254,0.0014,0.0506,0.044,0.2584,0.0032,0.0524,0,0.1552,0.4184,0.0032,0.013
proxy_350m_32l_cosine_nemotron_cc_244x_n269,66.92056583242660,45.496632996633,37.84106751643100,50.0860887818302,n269,0,0.0018,0.0046,0,0,0.0004,0,0,0.1168,0.8702,0.0064
proxy_350m_32l_cosine_nemotron_cc_244x_n280,66.75734494015230,55.092592592592600,41.18701453893650,54.3456506905605,n280,0,0,0.316,0,0,0.0986,0,0.29,0.0046,0.2108,0.08
proxy_350m_32l_cosine_nemotron_cc_244x_n149,65.66920565832430,43.22390572390570,36.895040828520200,48.5960507369167,n149,0.2742,0.0498,0,0.0454,0,0,0,0.0202,0.545,0.0652,0
proxy_350m_32l_cosine_nemotron_cc_244x_n250,66.2676822633297,48.821548821548800,37.59211312487550,50.8937814032513,n250,0.4068,0.4412,0.0008,0.0004,0.0978,0.0002,0,0.0164,0,0.0352,0.0008
proxy_350m_32l_cosine_nemotron_cc_244x_n70,67.35582154515780,49.41077441077440,39.45429197371040,52.07362930988090,n70,0.0016,0.0228,0.1814,0.0012,0.001,0.1094,0.1878,0,0.1206,0.3664,0.0076
proxy_350m_32l_cosine_nemotron_cc_244x_n205,68.66158868335150,48.10606060606060,39.016132244572800,51.927927177995,n205,0.0214,0,0.1624,0,0.0088,0,0.0128,0.0024,0.0042,0.788,0
proxy_350m_32l_cosine_nemotron_cc_244x_n291,67.84548422198040,52.44107744107750,39.6036646086437,53.2967420905672,n291,0.0162,0.0156,0.001,0.0002,0.0114,0.3674,0.0304,0.3784,0.0062,0.0118,0.1612
proxy_350m_32l_cosine_nemotron_cc_244x_n102,68.11751904243740,51.388888888888900,39.64349731129260,53.0499684142063,n102,0.135,0.0126,0.0046,0.0304,0,0,0.0028,0.3134,0.0948,0.1578,0.2484
proxy_350m_32l_cosine_nemotron_cc_244x_n96,67.5734494015234,53.11447811447810,39.772953594901400,53.486960370301,n96,0.0074,0.3548,0.0304,0,0.0026,0.0154,0.0174,0.025,0.2362,0.0324,0.2784
proxy_350m_32l_cosine_nemotron_cc_244x_n435,66.97497279651800,49.70538720538720,39.782911770563600,52.1544239241563,n435,0.006,0,0.076,0,0,0.0282,0.0186,0.0414,0,0.0144,0.8154
proxy_350m_32l_cosine_nemotron_cc_244x_n477,67.19260065288360,41.792929292929300,36.45688109938260,48.4808036817318,n477,0.0114,0,0,0,0.0016,0,0,0,0.7022,0.2706,0.0142
proxy_350m_32l_cosine_nemotron_cc_244x_n29,67.24700761697500,52.77777777777780,40.37044413463450,53.46507650979580,n29,0,0.0014,0.0192,0.1434,0.0054,0,0.0024,0.3876,0.4072,0.0326,0.0006
proxy_350m_32l_cosine_nemotron_cc_244x_n24,67.08378672470080,51.010101010101,39.533957379008200,52.5426150379367,n24,0.0594,0.0008,0.1372,0.0004,0.001,0.2624,0.199,0.0076,0.0174,0.1566,0.1578
proxy_350m_32l_cosine_nemotron_cc_244x_n297,65.39717083786730,42.50841750841750,35.16231826329420,47.68930220319300,n297,0,0.055,0,0,0.0946,0.7042,0,0,0.1452,0.001,0
proxy_350m_32l_cosine_nemotron_cc_244x_n471,66.81175190424380,51.89393939393940,39.8725353515236,52.8594088832356,n471,0.0568,0,0.004,0.0028,0,0,0.127,0.1568,0.0674,0.5846,0.0008
proxy_350m_32l_cosine_nemotron_cc_244x_n277,67.13819368879220,52.65151515151520,40.1414060944035,53.3103716449036,n277,0.0218,0.0006,0.1252,0.0026,0.0048,0.003,0.3914,0.0054,0.058,0.355,0.0322
proxy_350m_32l_cosine_nemotron_cc_244x_n265,64.36343852013060,42.76094276094280,36.0884285998805,47.7376032936513,n265,0.704,0,0.0012,0.1372,0,0.1326,0,0,0,0.0248,0
proxy_350m_32l_cosine_nemotron_cc_244x_n80,66.86615886833520,45.74915824915830,37.11412069308900,49.90981260352750,n80,0.556,0,0,0.361,0,0,0,0.0012,0.0254,0.0562,0
proxy_350m_32l_cosine_nemotron_cc_244x_n482,68.28073993471170,55.42929292929290,39.922326229834700,54.5441196979464,n482,0.0002,0.3956,0.2608,0.0368,0.1068,0.004,0.0002,0,0.141,0.0468,0.0078
proxy_350m_32l_cosine_nemotron_cc_244x_n481,67.5734494015234,55.05050505050510,39.69328818960370,54.1057475472107,n481,0,0.0022,0.2898,0.5808,0,0.0016,0,0.0028,0.0114,0.0224,0.0892
proxy_350m_32l_cosine_nemotron_cc_244x_n142,68.00870511425460,54.503367003367000,39.762995419239200,54.0916891789536,n142,0,0.2214,0.0436,0,0,0,0.4778,0.1888,0.0028,0.0654,0
proxy_350m_32l_cosine_nemotron_cc_244x_n56,66.75734494015230,47.81144781144780,38.657637920732900,51.0754768907777,n56,0.0008,0,0.0016,0.0012,0.0014,0,0,0.0732,0.0054,0.9124,0.004
proxy_350m_32l_cosine_nemotron_cc_244x_n97,67.84548422198040,55.72390572390570,40.73889663413660,54.76942886000760,n97,0.0836,0.0012,0.0098,0.022,0.0554,0.007,0.1688,0.4062,0.154,0.0048,0.087
proxy_350m_32l_cosine_nemotron_cc_244x_n15,67.35582154515780,46.590909090909100,37.213702449711200,50.3868110285927,n15,0.5142,0,0.0666,0.1404,0,0.0762,0,0.0126,0.0626,0.0042,0.1234
proxy_350m_32l_cosine_nemotron_cc_244x_n134,66.43090315560390,47.053872053872100,38.39872535351520,50.6278335209971,n134,0.2094,0.013,0.0042,0.1132,0.064,0.0004,0.0004,0.0052,0.3226,0.071,0.1964
proxy_350m_32l_cosine_nemotron_cc_244x_n458,66.2676822633297,45.32828282828280,37.38299143596890,49.6596521758605,n458,0.0154,0.0022,0.0038,0.0462,0,0.3704,0.0484,0.0608,0.374,0.0788,0
proxy_350m_32l_cosine_nemotron_cc_244x_n182,68.28073993471170,50.2104377104377,39.29496116311490,52.5953796027548,n182,0.0194,0.0008,0.001,0,0.0016,0.0158,0.435,0.1162,0.354,0.0532,0.003
proxy_350m_32l_cosine_nemotron_cc_244x_n79,67.19260065288360,50.12626262626260,38.41864170483970,51.91250166132860,n79,0.0098,0,0,0.0172,0.2004,0,0.002,0.0228,0.3774,0.3704,0
proxy_350m_32l_cosine_nemotron_cc_244x_n439,67.6822633297062,47.264309764309800,38.79705238000400,51.2478751580067,n439,0.0016,0.0016,0,0.0078,0.0356,0,0.0146,0,0.3254,0.179,0.4342
proxy_350m_32l_cosine_nemotron_cc_244x_n9,68.33514689880310,52.52525252525250,39.4443337980482,53.4349110740346,n9,0.001,0,0.0636,0.066,0.2722,0.0006,0.034,0.0596,0.0146,0.4658,0.0226
proxy_350m_32l_cosine_nemotron_cc_244x_n454,66.43090315560390,51.97811447811450,38.91655048795060,52.44185604055630,n454,0.0076,0,0.0004,0.0702,0.0044,0.1708,0.4462,0.0506,0.011,0.1512,0.0874
proxy_350m_32l_cosine_nemotron_cc_244x_n213,67.02937976060940,52.861952861952900,39.772953594901400,53.2214287391546,n213,0.0028,0,0,0.236,0.0266,0.037,0.0004,0.2788,0.374,0.0296,0.0146
proxy_350m_32l_cosine_nemotron_cc_244x_n201,67.24700761697500,50.252525252525200,38.2194781915953,51.9063370203652,n201,0.3948,0.0344,0,0.0514,0.1184,0.0002,0.1334,0.0116,0.065,0.1288,0.0618
proxy_350m_32l_cosine_nemotron_cc_244x_n73,65.61479869423290,52.44107744107750,39.64349731129260,52.56645781553430,n73,0.009,0.1696,0.0008,0,0.0068,0.396,0.009,0.3922,0.0024,0.0132,0.001
proxy_350m_32l_cosine_nemotron_cc_244x_n283,67.41022850924920,49.70538720538720,39.59370643298150,52.23644071587260,n283,0.0008,0,0.005,0,0.002,0.0008,0.2504,0,0.2206,0.0326,0.4878
proxy_350m_32l_cosine_nemotron_cc_244x_n216,68.00870511425460,47.43265993265990,39.215295757817200,51.5522202682439,n216,0.163,0,0,0.103,0.0184,0.003,0,0.0222,0.0022,0.5296,0.1586
proxy_350m_32l_cosine_nemotron_cc_244x_n456,67.95429815016320,51.72558922558920,40.40031866162120,53.36006867912450,n456,0.0176,0.029,0.253,0.0052,0,0.092,0.0572,0.0106,0.0022,0.0036,0.53
proxy_350m_32l_cosine_nemotron_cc_244x_n110,66.32208922742110,46.170033670033700,38.080063732324200,50.190728876593,n110,0.4402,0,0,0.106,0,0.0148,0.0116,0.0012,0.0002,0.3716,0.0544
proxy_350m_32l_cosine_nemotron_cc_244x_n428,65.88683351468990,51.76767676767680,38.51822346146190,52.05757791460950,n428,0.0004,0.1084,0.001,0.3154,0.063,0.3402,0.004,0.0842,0.0002,0.0824,0.001
proxy_350m_32l_cosine_nemotron_cc_244x_n473,67.46463547334060,55.387205387205400,40.3505277833101,54.400789547952,n473,0,0.422,0.1994,0.0272,0.0008,0.0112,0.0618,0.0284,0.0076,0.1006,0.1414
proxy_350m_32l_cosine_nemotron_cc_244x_n448,64.25462459194780,47.264309764309800,36.168094005178300,49.229009453812,n448,0.0372,0.0248,0,0.0028,0,0.684,0.0496,0.144,0.008,0.0392,0.0104
proxy_350m_32l_cosine_nemotron_cc_244x_n286,66.2132752992383,51.89393939393940,38.25931089424420,52.1221751958073,n286,0,0.1794,0.0502,0.0378,0.0616,0.4074,0.1136,0.0422,0.0446,0.0266,0.0366
proxy_350m_32l_cosine_nemotron_cc_244x_n150,68.11751904243740,49.158249158249200,39.49412467635930,52.2566309590153,n150,0,0,0.0942,0,0,0.0004,0,0.0256,0.082,0.196,0.6018
proxy_350m_32l_cosine_nemotron_cc_244x_n124,67.35582154515780,47.6010101010101,38.94642501493730,51.3010855537017,n124,0.0218,0,0,0,0,0,0.0624,0.0034,0,0.641,0.2714
proxy_350m_32l_cosine_nemotron_cc_244x_n457,67.51904243743200,52.10437710437710,39.86257717586140,53.16199890589020,n457,0.0178,0.3756,0.0072,0.0048,0,0.0338,0,0.0036,0,0.2132,0.344
proxy_350m_32l_cosine_nemotron_cc_244x_n54,67.35582154515780,50.29461279461280,39.33479386576380,52.32840940184480,n54,0.0006,0.0734,0.0008,0.0006,0,0,0.0002,0.1062,0.1768,0.084,0.5576
proxy_350m_32l_cosine_nemotron_cc_244x_n287,67.6822633297062,54.33501683501680,40.37044413463450,54.1292414331192,n287,0.1156,0.3066,0.0046,0.0008,0,0,0,0.4232,0.057,0.0022,0.09
proxy_350m_32l_cosine_nemotron_cc_244x_n437,66.2132752992383,53.072390572390600,37.34315873332010,52.2096082016497,n437,0,0,0.0624,0.5356,0.3408,0,0,0.0542,0.003,0,0.0038
proxy_350m_32l_cosine_nemotron_cc_244x_n426,65.61479869423290,45.244107744107700,35.74985062736510,48.8695856885686,n426,0.0018,0,0,0.2424,0.0164,0.6156,0,0.003,0,0.1156,0.0052
proxy_350m_32l_cosine_nemotron_cc_244x_n239,67.30141458106640,47.264309764309800,38.88667596096400,51.1508001021134,n239,0.0058,0,0,0.0024,0,0.001,0.001,0.0024,0.125,0.1504,0.712
proxy_350m_32l_cosine_nemotron_cc_244x_n187,67.35582154515780,52.98821548821550,40.68910575582550,53.67771426306630,n187,0,0.0822,0.2216,0.0052,0.001,0.0598,0.064,0.0602,0.0222,0.4634,0.0202
proxy_350m_32l_cosine_nemotron_cc_244x_n257,67.35582154515780,46.043771043771000,38.667596096395100,50.689062895108,n257,0,0,0,0,0,0.0714,0.0032,0.0008,0.3566,0.0234,0.5446
proxy_350m_32l_cosine_nemotron_cc_244x_n427,67.02937976060940,48.484848484848500,37.83110934076880,51.1151125287422,n427,0.3402,0,0.0482,0.278,0.0042,0,0.0026,0.0188,0.278,0.0208,0.0094
proxy_350m_32l_cosine_nemotron_cc_244x_n474,66.70293797606090,45.83333333333330,37.074287990440200,49.8701864332781,n474,0.5956,0,0.0008,0,0.366,0.001,0.0006,0,0.0362,0,0
proxy_350m_32l_cosine_nemotron_cc_244x_n101,66.53971708378670,52.735690235690200,39.86257717586140,53.0459948317794,n101,0.0538,0.1862,0.2558,0.0246,0,0.1588,0,0.0038,0.0778,0.2392,0
proxy_350m_32l_cosine_nemotron_cc_244x_n35,66.92056583242660,50.63131313131310,38.836885082652900,52.1295880154642,n35,0.0084,0,0,0.0006,0.0004,0,0.454,0,0,0.5366,0
proxy_350m_32l_cosine_nemotron_cc_244x_n120,65.77801958650710,52.3989898989899,38.25931089424420,52.1454401265804,n120,0.0002,0.0096,0.1006,0.2636,0.2676,0.2296,0.0016,0.0088,0.0114,0.0032,0.1042
proxy_350m_32l_cosine_nemotron_cc_244x_n57,67.7366702937976,53.28282828282830,39.6036646086437,53.5410543950899,n57,0.2036,0,0.0758,0.0014,0.15,0.0004,0.017,0.2292,0.1176,0.2052,0
proxy_350m_32l_cosine_nemotron_cc_244x_n266,66.75734494015230,45.244107744107700,38.17964548894640,50.0603660577355,n266,0,0.003,0.014,0.0166,0.012,0.1028,0.002,0.0016,0.189,0.6566,0.0024
proxy_350m_32l_cosine_nemotron_cc_244x_n184,67.6822633297062,55.513468013468000,40.67914758016330,54.6249596411125,n184,0.0256,0.009,0.01,0.008,0.0176,0.0008,0.1392,0.5176,0.0152,0.1764,0.0806
proxy_350m_32l_cosine_nemotron_cc_244x_n455,66.92056583242660,54.292929292929300,40.76877116112330,53.9940887621597,n455,0.0002,0,0.4064,0.2744,0,0.0102,0,0.0536,0.1766,0.0582,0.0206
proxy_350m_32l_cosine_nemotron_cc_244x_n190,66.92056583242660,51.76767676767680,40.65923122883890,53.11582460964740,n190,0.0216,0.0102,0.2546,0.0844,0.0016,0.2078,0.02,0.0332,0.0534,0.051,0.2622
proxy_350m_32l_cosine_nemotron_cc_244x_n219,67.41022850924920,52.52525252525250,40.87831109340770,53.60459737596980,n219,0.0132,0.0024,0.383,0.081,0.0016,0.1392,0.0514,0.0084,0.1154,0.0782,0.1262
proxy_350m_32l_cosine_nemotron_cc_244x_n418,66.59412404787810,55.68181818181820,41.23680541724760,54.50424921564800,n418,0,0.0056,0,0.286,0.0566,0.0004,0.0038,0.6012,0.0022,0.0442,0
proxy_350m_32l_cosine_nemotron_cc_244x_n178,68.17192600652880,48.695286195286200,39.892451702848000,52.2532213015543,n178,0,0.0002,0,0.2346,0,0,0.0012,0.0034,0.1358,0,0.6248
proxy_350m_32l_cosine_nemotron_cc_244x_n51,66.75734494015230,50.08417508417510,39.50408285202150,52.11520095878300,n51,0.0292,0,0.0716,0.0068,0.0618,0.194,0,0.043,0.0918,0.2312,0.2704
proxy_350m_32l_cosine_nemotron_cc_244x_n92,68.71599564744290,53.829966329966300,39.84266082453700,54.1295409339821,n92,0.007,0.3392,0.059,0.073,0.066,0.0318,0.0108,0.0876,0.112,0.067,0.1464
proxy_350m_32l_cosine_nemotron_cc_244x_n245,65.50598476605010,53.74579124579120,39.70324636526590,52.98500745903570,n245,0.0072,0,0.158,0.5746,0.0156,0.0152,0.0032,0.0454,0.0688,0.0134,0.0984
proxy_350m_32l_cosine_nemotron_cc_244x_n464,67.35582154515780,55.68181818181820,41.366261700856400,54.8013004759441,n464,0.0726,0,0.263,0,0,0.0008,0,0.5794,0.0002,0.0278,0.0564
proxy_350m_32l_cosine_nemotron_cc_244x_n434,66.48531011969530,50.92592592592590,39.175463055168300,52.1955663669298,n434,0.0004,0,0.0478,0.3766,0,0,0.012,0.0604,0.358,0.0004,0.1444
proxy_350m_32l_cosine_nemotron_cc_244x_n165,66.70293797606090,53.32491582491580,39.782911770563600,53.2702551905134,n165,0.0018,0,0.1672,0.0032,0.1232,0,0.3912,0.0002,0.1822,0.0006,0.1304
proxy_350m_32l_cosine_nemotron_cc_244x_n408,67.02937976060940,51.809764309764300,38.55805616411070,52.4657334114948,n408,0,0.012,0.1192,0.6392,0,0,0.001,0.0376,0.013,0.1724,0.0058
proxy_350m_32l_cosine_nemotron_cc_244x_n146,65.99564744287270,44.36026936026940,37.930691097391000,49.4288693001777,n146,0.1622,0,0,0.0016,0,0.0012,0,0,0.0012,0.8338,0
proxy_350m_32l_cosine_nemotron_cc_244x_n85,66.53971708378670,47.18013468013470,39.036048595897200,50.9186334532729,n85,0.0176,0,0.0446,0,0,0.001,0,0,0.1,0.0112,0.8256
proxy_350m_32l_cosine_nemotron_cc_244x_n112,68.17192600652880,56.81818181818180,41.475801633140800,55.4886364859505,n112,0,0.0294,0.6258,0.0006,0,0,0.0892,0.0996,0,0.1504,0.0048
proxy_350m_32l_cosine_nemotron_cc_244x_n488,67.35582154515780,47.8956228956229,39.48416650069710,51.5785369804926,n488,0.2414,0.004,0.005,0.002,0.007,0,0.0838,0.0016,0.0166,0.1358,0.5028
proxy_350m_32l_cosine_nemotron_cc_244x_n259,68.98803046789990,52.946127946127900,40.91814379605660,54.2841007366948,n259,0.0484,0.0004,0.3584,0.1532,0.0102,0,0.0386,0.0058,0.0636,0.1212,0.2004
proxy_350m_32l_cosine_nemotron_cc_244x_n233,67.02937976060940,52.14646464646470,39.98207528380800,53.05263989696070,n233,0.0014,0,0.0032,0.297,0,0.0062,0.0198,0.075,0.1164,0.1938,0.2872
proxy_350m_32l_cosine_nemotron_cc_244x_n217,63.76496191512510,47.76936026936030,37.53236407090220,49.68889541846250,n217,0.0072,0.0262,0.232,0,0,0.5764,0.0002,0.012,0,0.1146,0.0312
proxy_350m_32l_cosine_nemotron_cc_244x_n460,64.8531011969532,40.31986531986530,35.37143995220080,46.8481354896731,n460,0,0,0.0134,0,0,0,0,0.0008,0.986,0,0
proxy_350m_32l_cosine_nemotron_cc_244x_n22,66.43090315560390,47.264309764309800,39.543915554670400,51.079709491528,n22,0.1866,0.0208,0.046,0.0154,0.022,0,0.03,0.0074,0.0066,0.5078,0.1574
proxy_350m_32l_cosine_nemotron_cc_244x_n409,64.90750816104460,47.18013468013470,37.36307508464450,49.81690597527460,n409,0.016,0,0,0,0.0062,0.4588,0.4278,0.0006,0.0002,0.04,0.0506
proxy_350m_32l_cosine_nemotron_cc_244x_n452,67.6822633297062,54.419191919191900,40.21111332403900,54.1041895243124,n452,0.0018,0,0.2446,0.2926,0.0052,0.0174,0.0074,0.1226,0.2466,0.0482,0.0138
proxy_350m_32l_cosine_nemotron_cc_244x_n132,68.00870511425460,51.05218855218860,39.7132045409281,52.9246994024571,n132,0.0068,0.0088,0.0278,0.0028,0.0284,0.0214,0.1308,0.0364,0.2312,0.1446,0.3608
proxy_350m_32l_cosine_nemotron_cc_244x_n214,67.89989118607180,55.00841750841750,40.70902210715000,54.53911026721310,n214,0.181,0.1538,0.0042,0.0008,0,0,0,0.6404,0,0,0.0198
proxy_350m_32l_cosine_nemotron_cc_244x_n123,67.19260065288360,53.87205387205390,40.90818562039430,53.99094671511060,n123,0.0052,0.0002,0.4114,0.2296,0.0776,0.0002,0,0.004,0,0.0154,0.2562
proxy_350m_32l_cosine_nemotron_cc_244x_n421,67.6822633297062,53.36700336700340,40.15136427006570,53.7335436555918,n421,0.0176,0.1696,0.1284,0.0596,0.0242,0,0,0.0002,0.0114,0.5882,0.001
proxy_350m_32l_cosine_nemotron_cc_244x_n183,67.41022850924920,52.609427609427600,40.55964947221670,53.5264351969645,n183,0.0658,0.1674,0.2786,0.0016,0,0.0008,0,0.0022,0.0558,0.4254,0.0024
proxy_350m_32l_cosine_nemotron_cc_244x_n430,67.24700761697500,52.735690235690200,39.902409878510300,53.2950359103918,n430,0.0146,0,0.478,0,0,0.411,0.0002,0.0844,0.0118,0,0
proxy_350m_32l_cosine_nemotron_cc_244x_n274,67.79107725788900,50.0,39.762995419239200,52.5180242257094,n274,0.0576,0.0006,0.0548,0.014,0.0032,0.0066,0.0166,0.1398,0.0134,0.6934,0
proxy_350m_32l_cosine_nemotron_cc_244x_n424,67.7366702937976,55.17676767676770,39.22525393347940,54.0462306346816,n424,0,0.092,0.0658,0.0012,0.2116,0.0004,0.4638,0.0664,0.0232,0.0022,0.0734
proxy_350m_32l_cosine_nemotron_cc_244x_n416,67.51904243743200,54.629629629629600,39.79286994622590,53.9805140044292,n416,0,0.0086,0.0958,0.0248,0.3666,0,0.0014,0.4002,0,0.0992,0.0032
proxy_350m_32l_cosine_nemotron_cc_244x_n133,67.41022850924920,45.707070707070700,37.98048197570210,50.3659270640073,n133,0.002,0,0,0.0634,0.0006,0.1616,0.1594,0,0.5818,0.0116,0.0194
proxy_350m_32l_cosine_nemotron_cc_244x_n4,66.75734494015230,47.13804713804710,37.572196773551100,50.4891962839168,n4,0.4752,0.1784,0,0.0418,0,0.0404,0,0.0052,0.0404,0.2166,0.0022
proxy_350m_32l_cosine_nemotron_cc_244x_n53,67.79107725788900,52.23063973063970,39.47420832503490,53.16530843785450,n53,0,0.3044,0.0182,0.1286,0.0566,0.056,0,0.0002,0.0006,0.4352,0
proxy_350m_32l_cosine_nemotron_cc_244x_n21,67.6278563656148,47.85353535353540,39.45429197371040,51.6452278976202,n21,0.0074,0,0,0.0016,0,0.0034,0.0116,0.083,0.0236,0.0582,0.8112
proxy_350m_32l_cosine_nemotron_cc_244x_n32,66.32208922742110,44.36026936026940,37.771360286795500,49.484572958162,n32,0,0,0.0012,0,0,0,0,0,0.162,0.8368,0
proxy_350m_32l_cosine_nemotron_cc_244x_n58,66.59412404787810,48.90572390572390,39.145588528181600,51.5484788272612,n58,0.0022,0,0,0,0,0,0,0.0568,0.0004,0.0124,0.9282
proxy_350m_32l_cosine_nemotron_cc_244x_n5,67.46463547334060,44.14983164983170,38.627763393746300,50.0807435056395,n5,0.123,0,0,0,0.0224,0,0,0,0,0.7942,0.0604
proxy_350m_32l_cosine_nemotron_cc_244x_n60,66.92056583242660,47.30639730639730,37.27345150368450,50.50013821416950,n60,0,0,0,0.3086,0,0.3536,0,0,0.0694,0.264,0.0042
proxy_350m_32l_cosine_nemotron_cc_244x_n459,67.51904243743200,54.503367003367000,40.17128062139020,54.0645633540631,n459,0.0578,0.3618,0.0666,0.0034,0.002,0.0024,0.1596,0.0316,0.0026,0.087,0.225
proxy_350m_32l_cosine_nemotron_cc_244x_n202,65.66920565832430,47.34848484848490,37.16391157140010,50.06053402606980,n202,0.476,0.0036,0,0,0.3728,0,0,0,0.0128,0.1348,0
proxy_350m_32l_cosine_nemotron_cc_244x_n162,64.47225244831340,49.53703703703700,36.73571001792470,50.24833316775840,n162,0,0,0.0006,0.7414,0.0008,0.221,0,0,0.0356,0.0004,0
proxy_350m_32l_cosine_nemotron_cc_244x_n177,67.89989118607180,48.23232323232320,39.10575582553280,51.74599008130930,n177,0.0152,0.0772,0.0064,0.0998,0,0,0.0186,0.013,0.3414,0.2558,0.1728
proxy_350m_32l_cosine_nemotron_cc_244x_n453,67.19260065288360,53.198653198653200,38.38876717785300,52.9266736764633,n453,0.009,0.4478,0.0668,0.022,0.011,0.0184,0.025,0.0078,0.3412,0.0464,0.0046
proxy_350m_32l_cosine_nemotron_cc_244x_n444,67.79107725788900,56.1026936026936,40.440151364270100,54.7779740749509,n444,0.1858,0,0,0,0,0,0.086,0.6842,0.037,0,0.007
proxy_350m_32l_cosine_nemotron_cc_244x_n271,67.84548422198040,51.72558922558920,39.543915554670400,53.0383296674133,n271,0.1598,0.022,0.2518,0.0024,0.103,0.1072,0,0.0518,0.1716,0.1116,0.019
proxy_350m_32l_cosine_nemotron_cc_244x_n288,66.59412404787810,46.96969696969700,39.09579764987060,50.88653955581520,n288,0.1922,0,0,0.0004,0,0,0,0.0014,0,0.0742,0.732
proxy_350m_32l_cosine_nemotron_cc_244x_n8,67.84548422198040,48.98989898989900,39.45429197371040,52.09655839519660,n8,0,0.082,0,0.0644,0.0092,0.0004,0.0638,0.003,0.009,0.7682,0
proxy_350m_32l_cosine_nemotron_cc_244x_n119,66.48531011969530,49.074074074074100,39.26508663612830,51.6081569432992,n119,0.0204,0.1308,0.0708,0,0.003,0,0.0004,0,0,0.7744,0
proxy_350m_32l_cosine_nemotron_cc_244x_n111,68.06311207834600,53.661616161616200,40.73889663413660,54.1545416246996,n111,0,0,0.5632,0,0,0.0002,0,0,0.0002,0.2306,0.2058
proxy_350m_32l_cosine_nemotron_cc_244x_n432,66.70293797606090,52.27272727272730,38.488348934475200,52.4880047277545,n432,0.0626,0.2492,0,0.0164,0.1074,0.235,0.0768,0.0182,0.0042,0.1586,0.0716
proxy_350m_32l_cosine_nemotron_cc_244x_n186,65.94124047878130,51.05218855218860,39.04600677155950,52.01314526750980,n186,0.0254,0.1008,0.0002,0.0146,0,0.4162,0,0.3586,0.0832,0.0008,0
proxy_350m_32l_cosine_nemotron_cc_244x_n483,67.41022850924920,50.715488215488200,39.30491933877710,52.4768786878382,n483,0.2468,0.002,0.0318,0.0006,0.002,0.0864,0,0.3218,0.1026,0.2024,0.0036
proxy_350m_32l_cosine_nemotron_cc_244x_n136,66.32208922742110,52.65151515151520,39.08583947420830,52.68648128438150,n136,0,0,0,0.0008,0,0.0514,0.679,0.1202,0.146,0.0002,0.0022
proxy_350m_32l_cosine_nemotron_cc_244x_n108,66.2676822633297,48.98989898989900,39.27504481179050,51.5108753550064,n108,0.0478,0.0026,0.007,0.0326,0.0022,0,0,0.0036,0.2026,0.0106,0.691
proxy_350m_32l_cosine_nemotron_cc_244x_n281,67.95429815016320,49.91582491582490,39.215295757817200,52.3618062746018,n281,0.0202,0.0034,0.254,0.0124,0,0.246,0.005,0.0046,0.0926,0.3578,0.004
proxy_350m_32l_cosine_nemotron_cc_244x_n195,66.86615886833520,47.8956228956229,39.13563035251940,51.2991373721592,n195,0,0.0002,0.041,0.1416,0.0146,0.0516,0.0238,0.007,0.335,0.385,0
proxy_350m_32l_cosine_nemotron_cc_244x_n276,66.92056583242660,45.496632996633,37.81119298944430,50.076130606168,n276,0,0.0196,0.0176,0.0024,0,0.1178,0.0442,0,0.3638,0.4346,0
proxy_350m_32l_cosine_nemotron_cc_244x_n467,67.5734494015234,51.515151515151500,40.290778729336800,53.1264598820039,n467,0.023,0.013,0.1276,0.269,0.0032,0.0006,0,0,0.1456,0.0256,0.3924
proxy_350m_32l_cosine_nemotron_cc_244x_n479,66.97497279651800,52.35690235690240,39.72316271659030,53.01834595667020,n479,0.014,0,0.2278,0.0104,0.0986,0.081,0,0.0032,0.1518,0.3808,0.0326
proxy_350m_32l_cosine_nemotron_cc_244x_n62,67.6278563656148,55.3030303030303,40.51981676956780,54.4835678127376,n62,0.0004,0,0.0086,0,0,0.0546,0.0156,0.6948,0,0.0328,0.1932
proxy_350m_32l_cosine_nemotron_cc_244x_n14,67.24700761697500,52.77777777777780,39.98207528380800,53.33562022618690,n14,0,0.2254,0.0018,0.0026,0,0,0.2202,0.0326,0,0.5168,0.0008
proxy_350m_32l_cosine_nemotron_cc_244x_n172,67.5734494015234,53.32491582491580,40.7787293367855,53.8923648544082,n172,0.0124,0.0246,0.0398,0.0474,0.023,0.0008,0,0.3074,0.0358,0.461,0.0478
proxy_350m_32l_cosine_nemotron_cc_244x_n3,67.89989118607180,52.735690235690200,40.609440350527800,53.7483405907633,n3,0,0.0014,0.4436,0.0048,0.0208,0.0068,0,0,0,0.365,0.1578
proxy_350m_32l_cosine_nemotron_cc_244x_n42,65.39717083786730,45.83333333333330,36.62617008564030,49.28555808561360,n42,0,0,0,0.0004,0.0082,0,0,0.1408,0.781,0.0652,0.0042
proxy_350m_32l_cosine_nemotron_cc_244x_n164,67.13819368879220,52.062289562289600,39.533957379008200,52.91148021003,n164,0.0842,0.0028,0.0002,0.1772,0.001,0.027,0.1706,0.0694,0,0.4664,0.0014
proxy_350m_32l_cosine_nemotron_cc_244x_n174,66.70293797606090,46.2962962962963,37.11412069308900,50.0377849884821,n174,0.2682,0.0124,0.0822,0.0016,0.0248,0.1962,0.0078,0.0006,0.3812,0.0104,0.0148
proxy_350m_32l_cosine_nemotron_cc_244x_n230,65.83242655059850,51.09427609427610,38.986257717586100,51.9709867874869,n230,0.2746,0.0612,0.0544,0.014,0,0.1658,0.0014,0.186,0.092,0.0778,0.0726
proxy_350m_32l_cosine_nemotron_cc_244x_n299,67.6822633297062,54.25084175084180,40.460067715594500,54.1310575987142,n299,0.0414,0.2456,0.0436,0.2478,0,0.0182,0,0.149,0.039,0.193,0.022
proxy_350m_32l_cosine_nemotron_cc_244x_n69,65.72361262241570,47.264309764309800,37.27345150368450,50.0871246301367,n69,0.6728,0.0004,0.2514,0,0.0016,0.0088,0,0.0036,0.0092,0.0402,0.0118
proxy_350m_32l_cosine_nemotron_cc_244x_n10,66.70293797606090,49.87373737373740,38.73730332603070,51.77132622527630,n10,0.0006,0,0.0004,0.1048,0.1278,0.3062,0.0052,0.0212,0.0006,0.2392,0.1944
proxy_350m_32l_cosine_nemotron_cc_244x_n248,67.13819368879220,46.84343434343430,39.026090420235000,51.0025728174872,n248,0.051,0.0228,0.0226,0.0114,0.046,0.012,0,0.0162,0.0258,0.7604,0.0318
proxy_350m_32l_cosine_nemotron_cc_244x_n7,65.39717083786730,43.85521885521890,36.21788488348930,48.49009152552520,n7,0.6958,0,0.1336,0,0,0.148,0.0084,0.005,0,0.0092,0
proxy_350m_32l_cosine_nemotron_cc_244x_n67,67.46463547334060,53.57744107744110,39.45429197371040,53.49878950816400,n67,0.0104,0.0238,0.0056,0.092,0.2914,0.0022,0.0246,0.1718,0.3004,0.0432,0.0346
proxy_350m_32l_cosine_nemotron_cc_244x_n13,65.77801958650710,42.71885521885520,37.203744274049000,48.5668730264704,n13,0,0,0,0.019,0.0146,0.502,0.0004,0.0018,0.0008,0.3438,0.1176
proxy_350m_32l_cosine_nemotron_cc_244x_n441,67.79107725788900,54.12457912457910,39.942242581159100,53.9526329878757,n441,0,0,0.277,0.0028,0,0.1096,0.4346,0.008,0.046,0.0992,0.023
proxy_350m_32l_cosine_nemotron_cc_244x_n26,66.70293797606090,54.082491582491600,38.41864170483970,53.0680237544641,n26,0,0.3614,0,0.171,0,0.0038,0.4138,0.0314,0.0054,0.013,0
proxy_350m_32l_cosine_nemotron_cc_244x_n115,68.06311207834600,51.5993265993266,39.50408285202150,53.0555071765647,n115,0.0738,0.021,0.0114,0.0062,0.1564,0.0016,0.214,0.0002,0.0032,0.5124,0
proxy_350m_32l_cosine_nemotron_cc_244x_n215,66.70293797606090,51.34680134680140,39.782911770563600,52.6108836978086,n215,0.01,0,0,0.0452,0.0342,0.0042,0.4846,0.001,0.0204,0.0376,0.3628
proxy_350m_32l_cosine_nemotron_cc_244x_n39,67.5734494015234,48.52693602693600,38.846843258315100,51.6490762289248,n39,0.0038,0,0.1282,0.0008,0,0,0.0034,0.0112,0.057,0.7926,0.003
proxy_350m_32l_cosine_nemotron_cc_244x_n139,66.53971708378670,49.57912457912460,37.83110934076880,51.31665033456000,n139,0.1048,0,0.0014,0.1116,0.3726,0.1982,0,0,0.132,0.0794,0
proxy_350m_32l_cosine_nemotron_cc_244x_n197,67.35582154515780,55.17676767676770,42.08325034853620,54.87194652348720,n197,0.0652,0.0984,0.453,0.0084,0,0,0.0986,0.174,0.0072,0.0898,0.0054
proxy_350m_32l_cosine_nemotron_cc_244x_n419,66.75734494015230,52.56734006734010,38.92650866361280,52.75039789036840,n419,0.0064,0.343,0.006,0.002,0.0004,0.0034,0.0112,0.0346,0.233,0.36,0
proxy_350m_32l_cosine_nemotron_cc_244x_n232,67.41022850924920,51.85185185185190,40.420235012945600,53.2274384580156,n232,0,0.0206,0.2098,0.133,0,0,0,0.0022,0.0058,0.0176,0.611
proxy_350m_32l_cosine_nemotron_cc_244x_n422,67.5734494015234,47.264309764309800,39.10575582553280,51.314504997122,n422,0.0134,0.009,0,0.0102,0.0054,0.2802,0.1786,0.0034,0.1216,0.0282,0.3498
proxy_350m_32l_cosine_nemotron_cc_244x_n167,66.1588683351469,53.072390572390600,39.82274447321250,53.0180011269167,n167,0.0062,0.0506,0.0004,0.4174,0.0216,0.0094,0.0042,0.093,0.1066,0.1016,0.189
proxy_350m_32l_cosine_nemotron_cc_244x_n485,66.48531011969530,55.092592592592600,40.54969129655450,54.0425313362808,n485,0,0.0036,0,0.0028,0,0,0,0.9188,0.0002,0.0676,0.007
proxy_350m_32l_cosine_nemotron_cc_244x_n46,66.92056583242660,45.87542087542090,37.83110934076880,50.20903201620540,n46,0.0708,0,0.1504,0,0.0084,0.0292,0,0.0002,0.5886,0.0828,0.0694
proxy_350m_32l_cosine_nemotron_cc_244x_n211,66.64853101196950,50.841750841750800,38.75721967735510,52.0825005103585,n211,0.0724,0.0046,0.0104,0.419,0.0078,0.096,0.0694,0.0282,0.1332,0.1322,0.0268
proxy_350m_32l_cosine_nemotron_cc_244x_n451,65.61479869423290,50.2104377104377,37.4726150169289,51.0992838071998,n451,0.361,0.0004,0,0.0138,0.3132,0,0.0084,0.0472,0.22,0.0342,0.0018
proxy_350m_32l_cosine_nemotron_cc_244x_n75,65.17954298150160,44.907407407407400,35.829516032662800,48.6388221405239,n75,0.0222,0,0.064,0,0.0022,0.676,0.0006,0.057,0.036,0.0046,0.1372
proxy_350m_32l_cosine_nemotron_cc_244x_n44,67.02937976060940,55.5976430976431,40.58952399920340,54.405515619152,n44,0.0322,0,0.8438,0.0002,0,0,0,0.0012,0.0128,0.1094,0.0002
proxy_350m_32l_cosine_nemotron_cc_244x_n173,67.24700761697500,50.505050505050500,38.33897629954190,52.0303448071891,n173,0,0.0178,0.0002,0.4396,0.053,0.157,0,0.0174,0.112,0.2004,0.0026
proxy_350m_32l_cosine_nemotron_cc_244x_n83,67.7366702937976,44.78114478114480,37.88090021907990,50.1329050980074,n83,0.0002,0,0,0.0004,0,0,0,0.003,0.0112,0.9854,0
proxy_350m_32l_cosine_nemotron_cc_244x_n87,66.97497279651800,48.65319865319870,38.38876717785300,51.33897954252320,n87,0.0274,0,0,0.301,0,0.0008,0.0122,0.0692,0.5422,0.047,0
proxy_350m_32l_cosine_nemotron_cc_244x_n94,67.13819368879220,46.043771043771000,38.41864170483970,50.5335354791343,n94,0.0088,0.0834,0,0,0,0.0006,0.0084,0.0002,0.1472,0.7512,0
proxy_350m_32l_cosine_nemotron_cc_244x_n154,67.51904243743200,54.082491582491600,40.1414060944035,53.9143133714424,n154,0.1016,0,0.3874,0.344,0,0.1074,0.001,0.0126,0,0.0408,0.0052
proxy_350m_32l_cosine_nemotron_cc_244x_n63,67.35582154515780,49.158249158249200,38.39872535351520,51.6375986856407,n63,0.2952,0.1448,0.0112,0.0328,0.0074,0,0.0002,0.0346,0.1634,0.304,0.0062
proxy_350m_32l_cosine_nemotron_cc_244x_n188,67.5734494015234,51.85185185185190,38.71738697470620,52.7142294093605,n188,0.0032,0,0.0014,0.6668,0,0.0012,0.0132,0,0.0566,0.2572,0.0002
proxy_350m_32l_cosine_nemotron_cc_244x_n95,66.59412404787810,48.4006734006734,37.75144393547100,50.9154137946742,n95,0.199,0,0.0034,0.0012,0.3498,0.2042,0.0384,0.0012,0.1692,0.0034,0.0304
proxy_350m_32l_cosine_nemotron_cc_244x_n158,68.11751904243740,46.2962962962963,38.458474407488500,50.9574299154074,n158,0,0,0.0756,0.01,0,0.005,0,0.003,0,0.8994,0.007
proxy_350m_32l_cosine_nemotron_cc_244x_n159,67.35582154515780,53.57744107744110,40.74885480979880,53.89403914413260,n159,0.0016,0.096,0.3156,0.0328,0,0,0,0.0402,0.0694,0.0056,0.4392
proxy_350m_32l_cosine_nemotron_cc_244x_n402,67.84548422198040,55.639730639730600,40.70902210715000,54.7314123229537,n402,0,0.047,0,0,0,0.0008,0.125,0.6114,0,0.2138,0.0018
proxy_350m_32l_cosine_nemotron_cc_244x_n152,65.45157780195870,38.678451178451200,36.32742481577380,46.8191512653946,n152,0,0.0136,0,0,0,0.326,0,0,0.6602,0,0
proxy_350m_32l_cosine_nemotron_cc_244x_n410,67.41022850924920,52.27272727272730,39.68333001394150,53.12209526530600,n410,0,0.0048,0.0032,0,0.0836,0,0.4868,0.0038,0.0532,0.0216,0.3432
proxy_350m_32l_cosine_nemotron_cc_244x_n52,66.43090315560390,48.10606060606060,38.647679745070700,51.0615478355784,n52,0.0956,0,0.0032,0.0778,0,0.2008,0.1162,0.022,0.0266,0.4088,0.0492
proxy_350m_32l_cosine_nemotron_cc_244x_n81,68.06311207834600,50.378787878787900,38.99621589324840,52.4793719501274,n81,0,0.0222,0.1062,0,0,0.3598,0,0.24,0.0064,0.2656,0
proxy_350m_32l_cosine_nemotron_cc_244x_n228,67.24700761697500,54.37710437710440,39.5538737303326,53.7259952414707,n228,0,0.4184,0.1986,0.0428,0,0.0382,0.1316,0,0.0678,0.0894,0.0132
proxy_350m_32l_cosine_nemotron_cc_244x_n47,66.59412404787810,53.40909090909090,39.59370643298150,53.19897379665020,n47,0,0,0,0.3024,0,0,0.0004,0.3422,0.3408,0.0046,0.0094
proxy_350m_32l_cosine_nemotron_cc_244x_n141,66.37649619151250,48.695286195286200,39.43437562238600,51.5020526697282,n141,0.155,0,0.0046,0.0504,0.0082,0.135,0.0578,0.0002,0.0008,0.0134,0.5746
proxy_350m_32l_cosine_nemotron_cc_244x_n431,66.75734494015230,52.81986531986530,40.21111332403900,53.26277452801890,n431,0,0.0094,0.0006,0.0362,0.064,0,0,0.2086,0.0004,0.0006,0.6804
proxy_350m_32l_cosine_nemotron_cc_244x_n98,66.2676822633297,44.696969696969700,37.73152758414660,49.565393181482,n98,0.273,0,0,0.0624,0,0.003,0.0012,0.002,0.0108,0.6476,0
proxy_350m_32l_cosine_nemotron_cc_244x_n465,67.13819368879220,50.08417508417510,39.165504879506100,52.1292912174911,n465,0.2646,0.071,0.0004,0.2226,0.0726,0.0084,0.001,0.0456,0.0126,0.202,0.099
proxy_350m_32l_cosine_nemotron_cc_244x_n125,67.84548422198040,48.77946127946130,38.91655048795060,51.84716532979740,n125,0.007,0.0906,0,0.0646,0.0282,0,0,0,0,0.8098,0
proxy_350m_32l_cosine_nemotron_cc_244x_n93,66.64853101196950,51.09427609427610,39.24517028480380,52.32932579701650,n93,0.0138,0.0008,0.0148,0.2262,0.0084,0.204,0.2848,0.0108,0.0684,0.1634,0.0046
proxy_350m_32l_cosine_nemotron_cc_244x_n247,66.92056583242660,54.67171717171720,40.24098785102570,53.94442361838980,n247,0.0818,0.0006,0.1584,0.1354,0,0.0122,0.3734,0.063,0.0114,0.04,0.1242
proxy_350m_32l_cosine_nemotron_cc_244x_n252,66.10446137105550,54.292929292929300,39.52399920334600,53.3071299557769,n252,0,0.019,0.074,0.276,0.3552,0,0.0052,0.1958,0,0.0746,0.0002
proxy_350m_32l_cosine_nemotron_cc_244x_n129,67.6278563656148,56.060606060606100,41.29655447122090,54.9950056324806,n129,0.0044,0,0.7988,0.0086,0.188,0,0,0,0,0,0
proxy_350m_32l_cosine_nemotron_cc_244x_n475,66.64853101196950,48.61111111111110,38.74726150169290,51.33563454159120,n475,0.1472,0,0.049,0.076,0,0.1198,0,0.0666,0.0428,0.4898,0.009
proxy_350m_32l_cosine_nemotron_cc_244x_n414,66.64853101196950,49.831649831649800,39.23521210914160,51.9051309842536,n414,0.034,0,0.0432,0,0.1602,0,0,0,0,0.7464,0.0164
proxy_350m_32l_cosine_nemotron_cc_244x_n440,66.53971708378670,54.755892255892300,39.185421230830500,53.4936768568365,n440,0,0.1952,0.0002,0.3894,0.1738,0.0208,0.0106,0.202,0.0066,0.0004,0.0008
proxy_350m_32l_cosine_nemotron_cc_244x_n114,65.07072905331880,43.686868686868700,35.3415654252141,48.0330543884672,n114,0.7848,0.0048,0.0156,0.002,0.126,0.0124,0,0.0012,0.052,0.001,0
proxy_350m_32l_cosine_nemotron_cc_244x_n255,68.38955386289450,52.861952861952900,41.37621987651860,54.2092422004553,n255,0,0,0.7002,0.001,0.033,0.002,0,0.0022,0.0018,0.2002,0.0594
proxy_350m_32l_cosine_nemotron_cc_244x_n445,65.99564744287270,47.51683501683500,38.14977096195980,50.55408447388920,n445,0,0.0116,0.001,0.2062,0.0016,0.1594,0.001,0.0266,0.4328,0.1586,0.0012
proxy_350m_32l_cosine_nemotron_cc_244x_n88,65.72361262241570,52.77777777777780,38.72734515036850,52.40957851685400,n88,0.0068,0,0.0342,0.4914,0,0.0666,0.214,0,0.0248,0.019,0.1432
proxy_350m_32l_cosine_nemotron_cc_244x_n208,66.97497279651800,50.08417508417510,38.33897629954190,51.79937472674500,n208,0.0984,0.0236,0.071,0.1288,0.0288,0.0594,0.0436,0.007,0.4152,0.0884,0.036
proxy_350m_32l_cosine_nemotron_cc_244x_n121,67.6278563656148,47.13804713804710,37.73152758414660,50.8324770292695,n121,0.0782,0.0904,0.0056,0.0004,0.0478,0.2076,0.0056,0,0.2952,0.2184,0.0506
proxy_350m_32l_cosine_nemotron_cc_244x_n206,67.7366702937976,51.641414141414100,39.07588129854610,52.8179885779193,n206,0.0088,0.006,0.093,0.3684,0,0.157,0,0.0062,0.0902,0.255,0.0152
proxy_350m_32l_cosine_nemotron_cc_244x_n484,67.79107725788900,56.52356902356900,40.967934674367700,55.0941936519419,n484,0,0,0.1108,0,0,0,0.0372,0.8516,0,0.0004,0
proxy_350m_32l_cosine_nemotron_cc_244x_n225,67.79107725788900,53.03030303030300,40.56960764787890,53.79699597869030,n225,0.0342,0,0.3034,0.0106,0.0764,0.0108,0,0.0232,0.007,0.1484,0.3858
proxy_350m_32l_cosine_nemotron_cc_244x_n55,67.30141458106640,47.264309764309800,37.83110934076880,50.7989445620483,n55,0.0306,0.0024,0.0192,0.0318,0.038,0,0.0224,0.0314,0.4514,0.3632,0.0096
proxy_350m_32l_cosine_nemotron_cc_244x_n443,66.86615886833520,51.26262626262630,40.02190798645690,52.71689770580610,n443,0.1264,0,0.3142,0.0076,0.0066,0.0944,0.01,0.0144,0.0858,0.2512,0.0894
proxy_350m_32l_cosine_nemotron_cc_244x_n17,67.35582154515780,51.55723905723910,39.5538737303326,52.8223114442432,n17,0,0.004,0.0524,0.0006,0.001,0.0124,0,0.3034,0.0056,0.6204,0
proxy_350m_32l_cosine_nemotron_cc_244x_n258,66.37649619151250,43.35016835016840,36.78550089623580,48.83738847930560,n258,0,0,0.0008,0,0,0,0,0,0.7222,0.0404,0.2366
proxy_350m_32l_cosine_nemotron_cc_244x_n275,67.51904243743200,45.917508417508400,37.71161123282210,50.3827206959208,n275,0.3064,0.0002,0.0524,0.0558,0,0.0418,0.0004,0.0032,0.0328,0.477,0.03
proxy_350m_32l_cosine_nemotron_cc_244x_n23,67.30141458106640,46.464646464646500,38.0601473809998,50.6087361422376,n23,0.271,0.0002,0.0014,0.0042,0,0.156,0.0014,0.0398,0.0714,0.1074,0.3468
proxy_350m_32l_cosine_nemotron_cc_244x_n425,67.30141458106640,43.813131313131300,37.791276638119900,49.6352741774392,n425,0.0096,0,0,0,0,0,0,0,0.266,0.7244,0
proxy_350m_32l_cosine_nemotron_cc_244x_n66,68.06311207834600,49.91582491582490,40.1911969727146,52.7233779889618,n66,0.0614,0.1226,0.0018,0,0,0.068,0,0.0032,0,0.088,0.6554
proxy_350m_32l_cosine_nemotron_cc_244x_n403,65.23394994559300,40.446127946127900,35.58056164110740,47.0868798442761,n403,0.0046,0,0,0.0004,0,0.6948,0.002,0,0.0008,0.1516,0.146
proxy_350m_32l_cosine_nemotron_cc_244x_n223,67.35582154515780,46.84343434343430,38.26926906990640,50.82284165283280,n223,0.001,0.0314,0,0,0.0066,0,0.0004,0.0422,0.1854,0.7332,0
proxy_350m_32l_cosine_nemotron_cc_244x_n292,65.88683351468990,46.84343434343430,38.0601473809998,50.2634717463747,n292,0.3466,0.0194,0.001,0.0006,0,0.0002,0.0032,0.119,0.029,0.4736,0.0076
proxy_350m_32l_cosine_nemotron_cc_244x_n204,67.7366702937976,55.42929292929290,40.7787293367855,54.648230853292,n204,0.0002,0,0,0.0024,0,0.0008,0.1198,0.5886,0.006,0.2812,0.0008
proxy_350m_32l_cosine_nemotron_cc_244x_n279,68.00870511425460,52.735690235690200,39.62358095996810,53.4559921033043,n279,0.0006,0.2892,0.0008,0,0,0,0.0006,0,0.0086,0.0876,0.6124
proxy_350m_32l_cosine_nemotron_cc_244x_n143,66.64853101196950,51.34680134680140,39.09579764987060,52.36371000288050,n143,0.2696,0.0134,0.0232,0.0016,0,0.0156,0,0.3354,0.069,0.27,0.002
proxy_350m_32l_cosine_nemotron_cc_244x_n140,67.13819368879220,51.76767676767680,39.31487751443940,52.74024932363610,n140,0.0008,0.001,0.0498,0.269,0.1252,0.1652,0.036,0.0008,0.0458,0.137,0.1694
proxy_350m_32l_cosine_nemotron_cc_244x_n449,67.84548422198040,50.2104377104377,40.5098585939056,52.8552601754412,n449,0.1308,0.0458,0,0.0052,0.006,0.0122,0.0956,0.1398,0.0264,0.1642,0.3738
proxy_350m_32l_cosine_nemotron_cc_244x_n404,66.70293797606090,52.02020202020200,38.89663413662620,52.53992471096300,n404,0.097,0,0.0698,0.018,0.2824,0,0.2144,0.013,0.2822,0,0.0232
proxy_350m_32l_cosine_nemotron_cc_244x_n226,65.88683351468990,44.612794612794600,36.85520812587130,49.1182787511186,n226,0.003,0.0004,0.0302,0.0018,0.021,0.531,0.0152,0.0012,0.0034,0.3926,0
proxy_350m_32l_cosine_nemotron_cc_244x_n91,66.75734494015230,52.062289562289600,39.195379406492700,52.6716713029782,n91,0.017,0,0.2858,0.1528,0,0.3714,0.0022,0.097,0.0352,0.0386,0
proxy_350m_32l_cosine_nemotron_cc_244x_n118,65.28835690968440,46.2962962962963,37.69169488149770,49.7587826958261,n118,0.0082,0,0,0.131,0,0.01,0.0974,0.0054,0.7058,0.0422,0
proxy_350m_32l_cosine_nemotron_cc_244x_n244,68.22633297062020,54.25084175084180,40.92810197171880,54.46842556439360,n244,0.0154,0.2634,0.0002,0.0084,0.0296,0,0.0894,0.3134,0.0148,0.0438,0.2214
proxy_350m_32l_cosine_nemotron_cc_244x_n209,65.28835690968440,47.39057239057240,36.74566819358690,49.80819916461460,n209,0.5716,0,0.033,0,0,0,0.0138,0.149,0.2266,0,0.006
proxy_350m_32l_cosine_nemotron_cc_244x_n229,67.02937976060940,53.15656565656570,39.83270264887470,53.33954935534990,n229,0.132,0,0.0026,0.012,0,0.0678,0,0.3744,0.0764,0.3062,0.0286
proxy_350m_32l_cosine_nemotron_cc_244x_n1,66.92056583242660,47.474747474747500,38.319059948217500,50.9047910851305,n1,0.0882,0.0074,0.067,0.0164,0.008,0.2538,0.008,0,0,0.5504,0.0008
proxy_350m_32l_cosine_nemotron_cc_244x_n31,65.45157780195870,42.803030303030300,35.71997610037840,47.9915280684558,n31,0.6744,0.0186,0.0506,0,0.002,0,0,0.003,0.0006,0.2506,0.0004
proxy_350m_32l_cosine_nemotron_cc_244x_n476,66.43090315560390,54.71380471380470,40.54969129655450,53.89813305532100,n476,0.0018,0.0034,0.0318,0.1296,0.0078,0.031,0.3434,0.2496,0.0148,0.184,0.0028
proxy_350m_32l_cosine_nemotron_cc_244x_n429,68.11751904243740,55.68181818181820,41.19697271459870,54.99876997961810,n429,0,0,0.1128,0,0,0.0012,0,0.5668,0,0.0008,0.3186
proxy_350m_32l_cosine_nemotron_cc_244x_n224,67.02937976060940,47.01178451178450,38.77713602867960,50.93943343369120,n224,0.0354,0.0168,0.0096,0.0558,0,0.236,0,0.0322,0.0472,0.504,0.0632
proxy_350m_32l_cosine_nemotron_cc_244x_n37,66.75734494015230,54.25084175084180,39.06592312288390,53.35803660462600,n37,0.0106,0.2384,0.0068,0.0692,0.0088,0.3292,0.0314,0.1962,0.0166,0.0928,0.0002
proxy_350m_32l_cosine_nemotron_cc_244x_n106,67.5734494015234,53.91414141414140,40.53973312089230,54.0091079788524,n106,0.06,0.0034,0.1312,0.0396,0,0.0812,0,0.3164,0.0932,0.2582,0.017
proxy_350m_32l_cosine_nemotron_cc_244x_n89,66.64853101196950,53.40909090909090,40.32065325632340,53.45942505912790,n89,0,0,0.2488,0.0146,0.2042,0,0,0.2248,0.2706,0.0004,0.0366
proxy_350m_32l_cosine_nemotron_cc_244x_n175,67.24700761697500,54.7979797979798,41.28659629555870,54.4438612368378,n175,0,0,0.5398,0,0,0.1028,0,0.224,0,0.0422,0.091
proxy_350m_32l_cosine_nemotron_cc_244x_n442,64.47225244831340,41.4983164983165,35.95897231627170,47.3098470876339,n442,0,0,0,0.0352,0,0,0.0044,0.0248,0.9334,0.0004,0.0018
proxy_350m_32l_cosine_nemotron_cc_244x_n76,65.61479869423290,44.612794612794600,35.90918143796060,48.7122582483294,n76,0.6312,0.0054,0,0.0012,0.1392,0.0948,0,0,0.1262,0,0.002
proxy_350m_32l_cosine_nemotron_cc_244x_n300,67.30141458106640,51.515151515151500,38.488348934475200,52.4349716768977,n300,0.2944,0.005,0.023,0.0478,0.2728,0,0.0006,0.0986,0.1064,0.1506,0.001
proxy_350m_32l_cosine_nemotron_cc_244x_n116,66.2676822633297,52.735690235690200,40.5098585939056,53.1710770309752,n116,0.1988,0,0.3866,0.012,0,0,0.091,0.0012,0.0106,0.2996,0
proxy_350m_32l_cosine_nemotron_cc_244x_n249,67.30141458106640,44.907407407407400,37.73152758414660,49.9801165242068,n249,0,0,0.005,0,0,0,0.0058,0,0.0624,0.927,0
proxy_350m_32l_cosine_nemotron_cc_244x_n433,65.34276387377590,41.119528619528600,36.43696474805820,47.6330857471209,n433,0.0228,0,0.0004,0.007,0.0248,0.0012,0.0006,0,0.8228,0.1032,0.0172
proxy_350m_32l_cosine_nemotron_cc_244x_n45,67.79107725788900,53.78787878787880,39.733120892252500,53.7706923126734,n45,0.1964,0.2716,0.1062,0.161,0,0.1268,0.002,0.0302,0.0008,0.104,0.0008
proxy_350m_32l_cosine_nemotron_cc_244x_n487,66.32208922742110,47.76936026936030,39.1256721768572,51.0723738912129,n487,0.0996,0.0154,0.1276,0,0.0132,0.2858,0,0.0148,0.0318,0.0056,0.406
proxy_350m_32l_cosine_nemotron_cc_244x_n163,65.61479869423290,54.84006734006730,39.66341366261700,53.37275989897240,n163,0,0,0.2952,0.0676,0,0.0132,0.5066,0.0092,0.0778,0.0132,0.0172
proxy_350m_32l_cosine_nemotron_cc_244x_n179,66.86615886833520,52.18855218855220,40.13144791874130,53.06205299187620,n179,0.09,0,0.0442,0.0408,0,0.0028,0.152,0.0112,0.0122,0.0124,0.6346
proxy_350m_32l_cosine_nemotron_cc_244x_n199,67.6278563656148,51.43097643097640,40.65923122883890,53.2393546751434,n199,0.1944,0.049,0.2792,0.0034,0.0098,0.0026,0.001,0.0006,0.0038,0.0198,0.4364
proxy_350m_32l_cosine_nemotron_cc_244x_n251,66.75734494015230,51.85185185185190,39.23521210914160,52.61480296704860,n251,0.0214,0.0476,0.0326,0.0422,0.0202,0,0.4044,0.0344,0.1576,0.2396,0
proxy_350m_32l_cosine_nemotron_cc_244x_n273,66.32208922742110,49.11616161616160,38.498307110137400,51.3121859845734,n273,0.2034,0.0092,0.0486,0.0078,0.0018,0.152,0,0.24,0.258,0.066,0.013
proxy_350m_32l_cosine_nemotron_cc_244x_n36,67.02937976060940,52.062289562289600,40.609440350527800,53.2337032244756,n36,0.0062,0,0.4874,0.0062,0,0,0.013,0.0046,0.0016,0.4808,0.0006
proxy_350m_32l_cosine_nemotron_cc_244x_n90,67.19260065288360,53.28282828282830,40.87831109340770,53.78458000970650,n90,0.129,0.0008,0,0.0268,0,0.0442,0,0.6762,0.1158,0.0018,0.0054
proxy_350m_32l_cosine_nemotron_cc_244x_n264,65.99564744287270,43.13973063973060,37.37303326030670,48.83613711430330,n264,0.2166,0,0.0006,0.0006,0,0.1848,0.0002,0.0028,0,0.5768,0.0174
proxy_350m_32l_cosine_nemotron_cc_244x_n253,66.53971708378670,52.3989898989899,38.57797251543520,52.5055598327373,n253,0.004,0.0248,0.0048,0.305,0.1798,0.0034,0.2866,0.014,0.0452,0.0724,0.0604
proxy_350m_32l_cosine_nemotron_cc_244x_n235,66.53971708378670,51.936026936026900,38.119896434973100,52.1985468182622,n235,0.0134,0.3724,0.0898,0.0024,0.3506,0,0.109,0.0004,0.0172,0.0408,0.004
proxy_350m_32l_cosine_nemotron_cc_244x_n25,67.19260065288360,46.0016835016835,38.14977096195980,50.4480183721756,n25,0.0008,0.0252,0,0,0,0,0,0,0.0482,0.926,0
proxy_350m_32l_cosine_nemotron_cc_244x_n401,67.13819368879220,46.54882154882160,38.75721967735510,50.81474497165630,n401,0.1208,0.0004,0,0.1842,0.024,0.0736,0.0014,0.0308,0.0866,0.4564,0.0216
proxy_350m_32l_cosine_nemotron_cc_244x_n180,66.70293797606090,51.05218855218860,39.932284405496900,52.5624703112488,n180,0.2082,0,0.1646,0.223,0.0324,0,0.0302,0,0.055,0.1564,0.1298
proxy_350m_32l_cosine_nemotron_cc_244x_n86,66.2676822633297,53.28282828282830,40.38040231029680,53.3103042854849,n86,0,0.0006,0.627,0.002,0.0214,0.3208,0,0.026,0,0.0018,0
proxy_350m_32l_cosine_nemotron_cc_244x_n65,67.30141458106640,55.387205387205400,40.70902210715000,54.4658806918073,n65,0.007,0.0164,0.0622,0.3122,0.0022,0,0.1446,0.345,0.004,0.093,0.0132
proxy_350m_32l_cosine_nemotron_cc_244x_n19,66.43090315560390,45.53872053872050,37.71161123282210,49.89374497571550,n19,0,0.0192,0,0.0536,0,0,0.011,0.0046,0.3914,0.5202,0
proxy_350m_32l_cosine_nemotron_cc_244x_n207,64.90750816104460,44.40235690235690,35.56064528978290,48.29017011772810,n207,0.1128,0,0.0018,0.14,0,0.6488,0.0112,0,0.0538,0.007,0.0244
proxy_350m_32l_cosine_nemotron_cc_244x_n78,66.59412404787810,49.32659932659930,38.667596096395100,51.5294398236242,n78,0.0066,0.053,0.0474,0.0002,0.0012,0.0368,0.0016,0.0356,0.0238,0.7588,0.0346
proxy_350m_32l_cosine_nemotron_cc_244x_n155,67.24700761697500,48.98989898989900,38.986257717586100,51.74105477482,n155,0.2748,0.0298,0.0416,0,0.0052,0.0004,0.0848,0.039,0,0.524,0.0002
proxy_350m_32l_cosine_nemotron_cc_244x_n461,67.19260065288360,43.476430976431000,37.59211312487550,49.42038158473,n461,0.1642,0.0084,0.006,0.0198,0.0054,0.0006,0,0.0012,0.2398,0.5534,0.001
proxy_350m_32l_cosine_nemotron_cc_244x_n135,66.48531011969530,52.81986531986530,40.15136427006570,53.15217990320880,n135,0.062,0.0116,0.0318,0.0014,0.0016,0.0178,0.0006,0.4152,0.1044,0.2638,0.0898
proxy_350m_32l_cosine_nemotron_cc_244x_n260,66.43090315560390,46.2962962962963,37.582154949213300,50.1031181337045,n260,0.384,0,0,0.0216,0.1394,0.1918,0,0.05,0.1832,0.0014,0.0288
proxy_350m_32l_cosine_nemotron_cc_244x_n59,64.30903155603920,42.92929292929290,35.30173272256520,47.51335240263240,n59,0.7778,0.004,0,0,0.0008,0,0.056,0.006,0,0.155,0.0004
proxy_350m_32l_cosine_nemotron_cc_244x_n105,65.50598476605010,52.02020202020200,37.422824138617800,51.64967030829,n105,0.0002,0.44,0,0.001,0.2928,0.0676,0.0908,0,0.0518,0.0556,0
proxy_350m_32l_cosine_nemotron_cc_244x_n417,67.7366702937976,55.05050505050510,40.051782513443500,54.2796526192487,n417,0.198,0.0204,0.007,0.018,0,0,0.0004,0.6304,0.0264,0,0.0994
proxy_350m_32l_cosine_nemotron_cc_244x_n480,67.89989118607180,50.63131313131310,38.76717785301730,52.43279405680070,n480,0,0,0.0106,0.0062,0.0246,0.0016,0.2812,0.0048,0.2468,0.424,0
proxy_350m_32l_cosine_nemotron_cc_244x_n68,67.13819368879220,52.18855218855220,39.81278629755030,53.04651072496490,n68,0,0.0988,0.255,0.0178,0.0004,0.3238,0.0006,0.093,0.0328,0.1522,0.0256
proxy_350m_32l_cosine_nemotron_cc_244x_n478,66.70293797606090,42.92929292929290,37.11412069308900,48.91545053281430,n478,0.007,0,0.022,0.0016,0,0.4266,0,0.0004,0.1058,0.315,0.1214
proxy_350m_32l_cosine_nemotron_cc_244x_n38,65.72361262241570,56.060606060606100,40.49990041824340,54.0947063670884,n38,0,0.0292,0,0,0,0,0.019,0.9502,0,0,0.0014
proxy_350m_32l_cosine_nemotron_cc_244x_n113,66.81175190424380,49.53703703703700,38.86675960963950,51.73851618364010,n113,0.4082,0,0.1918,0,0.0888,0.0644,0.0356,0.0018,0.0234,0.1434,0.0426
proxy_350m_32l_cosine_nemotron_cc_244x_n61,65.99564744287270,44.73905723905720,37.074287990440200,49.2696642241234,n61,0,0,0,0.0292,0,0.0896,0,0.0208,0.7312,0.0056,0.1234
proxy_350m_32l_cosine_nemotron_cc_244x_n466,65.72361262241570,51.26262626262630,37.85102569209320,51.61242152571170,n466,0,0,0.03,0.7518,0.002,0.0012,0.0002,0.0024,0.102,0.0678,0.0424
proxy_350m_32l_cosine_nemotron_cc_244x_n411,66.97497279651800,48.358585858585900,38.13981278629760,51.1577904804672,n411,0.216,0,0.1912,0,0.0576,0,0,0.0004,0.3934,0.1414,0
proxy_350m_32l_cosine_nemotron_cc_244x_n147,68.17192600652880,53.9983164983165,40.629356701852200,54.2665330688992,n147,0.0504,0,0.6148,0,0.3262,0,0,0.0076,0,0.001,0
proxy_350m_32l_cosine_nemotron_cc_244x_n131,68.11751904243740,49.87373737373740,38.40868352917750,52.13331331511740,n131,0.0976,0.3686,0.0058,0.003,0.0036,0.2036,0.0018,0,0.0174,0.2586,0.0402
proxy_350m_32l_cosine_nemotron_cc_244x_n278,68.06311207834600,53.32491582491580,40.6691894045011,54.019072435921,n278,0.0034,0.0154,0.1892,0.3604,0,0.0052,0.1316,0.1818,0.0028,0.1098,0.0004
proxy_350m_32l_cosine_nemotron_cc_244x_n227,66.97497279651800,53.11447811447810,39.85261900019920,53.31402330373180,n227,0.0234,0.0114,0.047,0.107,0.0016,0,0.3436,0.054,0.0186,0.375,0.0184
proxy_350m_32l_cosine_nemotron_cc_244x_n127,68.22633297062020,50.42087542087540,39.85261900019920,52.83327579723160,n127,0,0,0,0.2656,0.0004,0.0154,0,0.0042,0.066,0.001,0.6474
proxy_350m_32l_cosine_nemotron_cc_244x_n243,67.13819368879220,47.34848484848490,39.04600677155950,51.17756176961220,n243,0,0,0.0266,0.1138,0.002,0,0.0138,0.0102,0.0006,0.7808,0.0522
proxy_350m_32l_cosine_nemotron_cc_244x_n28,67.35582154515780,44.907407407407400,37.91077474606650,50.0580012328772,n28,0,0,0,0.001,0,0.189,0,0.001,0.0362,0.7728,0
proxy_350m_32l_cosine_nemotron_cc_244x_n64,67.02937976060940,51.09427609427610,39.20533758215500,52.44299781234680,n64,0.0208,0.1518,0.1326,0.0008,0.0008,0.2828,0.0806,0.0012,0.0816,0.2472,0
proxy_350m_32l_cosine_nemotron_cc_244x_n267,66.48531011969530,54.755892255892300,39.57379008165700,53.6049974857482,n267,0.0784,0.3952,0.046,0.0212,0.012,0.0422,0,0.148,0.0146,0.1994,0.043
proxy_350m_32l_cosine_nemotron_cc_244x_n489,68.17192600652880,50.12626262626260,39.88249352718580,52.72689405332570,n489,0.0104,0.0062,0,0.0896,0,0.0422,0.102,0.0174,0.0614,0.3492,0.3214
proxy_350m_32l_cosine_nemotron_cc_244x_n289,67.08378672470080,50.33670033670030,40.55964947221670,52.66004551120590,n289,0.0076,0.1608,0,0,0.0002,0,0.2512,0.0006,0.0004,0.0352,0.5442
proxy_350m_32l_cosine_nemotron_cc_244x_n100,67.5734494015234,55.93434343434340,41.38617805218080,54.9646569626825,n100,0.0176,0,0.2536,0.0002,0.0296,0,0,0.405,0,0,0.294
proxy_350m_32l_cosine_nemotron_cc_244x_n436,68.28073993471170,51.68350168350170,40.86835291774550,53.61086484531960,n436,0.107,0.002,0,0.0094,0.0088,0.004,0.1094,0.318,0.01,0.31,0.1208
proxy_350m_32l_cosine_nemotron_cc_244x_n198,66.53971708378670,42.129629629629600,35.56064528978290,48.0766640010664,n198,0.7606,0,0,0.0004,0.045,0,0.0004,0.0216,0.0032,0.1136,0.055
proxy_350m_32l_cosine_nemotron_cc_244x_n12,67.6822633297062,47.18013468013470,38.15972913762200,51.007375715821,n12,0.006,0,0,0.0216,0.0004,0.0356,0.0264,0.0006,0.068,0.8406,0.001
proxy_350m_32l_cosine_nemotron_cc_244x_n413,67.41022850924920,49.368686868686900,38.647679745070700,51.8088650410023,n413,0.3314,0.0004,0.0678,0.0018,0.0008,0.0166,0.1836,0.0138,0.0104,0.3734,0
proxy_350m_32l_cosine_nemotron_cc_244x_n231,67.13819368879220,55.72390572390570,41.20693089026090,54.68967676765290,n231,0.0202,0.0128,0.0012,0,0,0,0.1262,0.529,0.0008,0,0.3098
proxy_350m_32l_cosine_nemotron_cc_244x_n33,67.89989118607180,48.19023569023570,39.145588528181600,51.745238468163,n33,0.0078,0.0052,0.0006,0,0.0018,0,0.0578,0.0098,0.1328,0.003,0.7812
proxy_350m_32l_cosine_nemotron_cc_244x_n151,67.19260065288360,49.831649831649800,39.563831905994800,52.1960274635094,n151,0.048,0,0.0622,0,0.0782,0.1154,0.047,0.0036,0.0176,0.545,0.0834
proxy_350m_32l_cosine_nemotron_cc_244x_n282,67.24700761697500,55.5976430976431,40.967934674367700,54.6041951296619,n282,0.006,0.0304,0.236,0.0428,0.0326,0,0,0.244,0.0052,0.3962,0.0068
proxy_350m_32l_cosine_nemotron_cc_244x_n189,67.46463547334060,55.13468013468010,40.609440350527800,54.4029186528495,n189,0.0002,0.06,0.0008,0.0142,0,0.0006,0.3504,0.3232,0.0004,0.1432,0.107
proxy_350m_32l_cosine_nemotron_cc_244x_n268,66.37649619151250,49.95791245791250,39.374626568412700,51.9030117392792,n268,0.0004,0.0082,0.0364,0.0466,0.005,0.0326,0.0012,0.1122,0.3884,0.045,0.3242
proxy_350m_32l_cosine_nemotron_cc_244x_n148,66.48531011969530,53.61952861952860,40.838478390758800,53.6477723766609,n148,0.0008,0.0004,0,0,0.0074,0.0006,0,0.6738,0.0064,0.0014,0.3094
proxy_350m_32l_cosine_nemotron_cc_244x_n126,66.48531011969530,52.02020202020200,37.32324238199560,51.94291817396430,n126,0,0.004,0,0.2692,0.0002,0,0.706,0.0018,0.0148,0.0034,0.0004
proxy_350m_32l_cosine_nemotron_cc_244x_n406,68.49836779107730,53.661616161616200,39.70324636526590,53.9544101059865,n406,0.2274,0.16,0.0022,0.0174,0,0.0192,0.0156,0.1616,0.0478,0.2948,0.0542
proxy_350m_32l_cosine_nemotron_cc_244x_n82,67.35582154515780,55.218855218855200,40.629356701852200,54.4013444886217,n82,0.1588,0,0.0018,0.0056,0.0016,0.0002,0,0.819,0.005,0,0.008
proxy_350m_32l_cosine_nemotron_cc_244x_n284,68.06311207834600,53.24074074074080,40.1414060944035,53.8150863044968,n284,0,0.0194,0.1764,0.1762,0.0178,0.026,0.0292,0.0016,0.0192,0.3072,0.2272
proxy_350m_32l_cosine_nemotron_cc_244x_n463,67.30141458106640,54.92424242424240,40.63931487751440,54.28832396094110,n463,0,0,0,0,0,0,0,0.9832,0.0016,0.0072,0.0078
proxy_350m_32l_cosine_nemotron_cc_244x_n107,65.94124047878130,53.78787878787880,40.34056960764790,53.35656295810270,n107,0.1208,0.1644,0.0246,0.027,0.0152,0,0.0822,0.2242,0.0768,0.2618,0.0032
proxy_350m_32l_cosine_nemotron_cc_244x_n72,66.32208922742110,48.61111111111110,39.47420832503490,51.46913622118900,n72,0,0.0108,0.1072,0,0,0,0,0,0.0506,0.0424,0.789
proxy_350m_32l_cosine_nemotron_cc_244x_n241,66.1588683351469,50.2104377104377,39.384584744074900,51.9179635965532,n241,0.046,0.068,0,0.0254,0.2752,0.0004,0,0.0004,0.0428,0.004,0.538
proxy_350m_32l_cosine_nemotron_cc_244x_n490,67.6822633297062,47.13804713804710,38.458474407488500,51.0929282917473,n490,0.212,0.0366,0.0424,0.0274,0.0002,0.0142,0.0102,0.0016,0.2658,0.0012,0.3886
proxy_350m_32l_cosine_nemotron_cc_244x_n469,66.10446137105550,43.686868686868700,37.00458076080460,48.9319702729096,n469,0.5596,0,0.0034,0,0,0,0.001,0,0,0.0046,0.4312
proxy_350m_32l_cosine_nemotron_cc_244x_n30,66.43090315560390,49.78956228956230,39.036048595897200,51.7521713470211,n30,0.0852,0.105,0.0102,0,0,0.011,0.0244,0.0376,0.4046,0.135,0.1868
proxy_350m_32l_cosine_nemotron_cc_244x_n450,66.64853101196950,57.112794612794600,40.7289384584744,54.8300880277462,n450,0.0002,0,0.0014,0.0586,0,0.0002,0,0.9066,0.0096,0.0024,0.021
proxy_350m_32l_cosine_nemotron_cc_244x_n200,66.32208922742110,47.68518518518520,38.72734515036850,50.91153985432490,n200,0,0,0.0006,0.1528,0.0964,0.0002,0,0.0042,0.2584,0.4866,0.0008
proxy_350m_32l_cosine_nemotron_cc_244x_n122,68.49836779107730,53.87205387205390,40.33061143198570,54.23367769837230,n122,0.0324,0.1218,0.0684,0.0102,0,0.2024,0,0.1882,0.001,0.1564,0.2196
proxy_350m_32l_cosine_nemotron_cc_244x_n16,66.92056583242660,52.90404040404040,40.17128062139020,53.33196228595240,n16,0.1898,0.116,0.261,0.0032,0,0.012,0.0314,0.0118,0.1088,0.1902,0.0756